{
  "ModInfo": {
    "ModName": "ObjectNeitherSubject", //模组名
    "IconPath": "icon.png", //图标路径
    "Version": "0.0.1", //版本
    "Author": "三千无名", //作者
    "ModHomePage": "https://space.bilibili.com/330445050?spm_id_from=333.788.0.0", //模组主页
    "Dependent": [] //依赖
  },
  "EditorSettings": {
    "FightersDirectory": "Fighters", //人物文件夹路径
    "FighterDefaultType": "FighterBase", //人物默认类(在当前命名空间下查找)
    "FighterConfigName": "FighterConfig.json", //人物配置文件名称
    "ClipSettings": { //轨道名对应的Clip类，执行顺序按照从上往下执行，渲染一般放最后
      "Nexus": "FAE.NexusClip",
      "Fighter":"FAE.FighterClip",
      "Move": "FAE.MoveClip",
      "Anim": "FAE.AnimClip"
    }
  }
}