{
  "ModInfo": {
    "ModMainDll": "", //模组Dll
    "ModName": "Template", //模组名
    "IconPath": "icon.png", //图标路径
    "Version": "0.0.1", //版本
    "Author": "匿名三千", //作者
    "ModHomePage": "", //模组主页
    "Dependent": ["BrainUserManual"] //依赖
  },
  "EditorSettings": {
    "FightersDirectory": "", //人物文件夹路径
    "FighterConfig": "", //人物配置文件
    "MontageConfig": "", //蒙太奇配置文件
    "JsonFPSName": "", //Json里的帧率名称
    "ClipSettings": { //轨道名对应的类
    }
  }
}