{
    "Idle_L": {
        "FPS": 30,
        "IsLoop": true,
        "Tracks": {
            "Anim": [
                [
                    {
                        "Frame": 2,
                        "AnimPath": "Actions/Idle/LongSwordIdle/LongSwordIdle1.png"
                    },
                    {
                        "Frame": 2,
                        "AnimPath": "Actions/Idle/LongSwordIdle/LongSwordIdle2.png"
                    }
                ],
                [
                    {
                        "Frame": 2,
                        "AnimPath": "Actions/Idle/LongSwordIdle/LongSwordIdle3.png"
                    },
                    {
                        "Frame": 2,
                        "AnimPath": "Actions/Idle/LongSwordIdle/LongSwordIdle4.png"
                    }
                ]
            ]
        }
        // "Run": {
        //     "FPS": 30,
        //     "Loop": true,
        //     "Tracks": {
        //         "Anim": [
        //             {
        //                 "Frame": 2,
        //                 "AnimPath": "Actions/Run/Run_0.png"
        //             },
        //             {
        //                 "Frame": 2,
        //                 "AnimPath": "Actions/Run/Run_1.png"
        //             },
        //             {
        //                 "Frame": 2,
        //                 "AnimPath": "Actions/Run/Run_2.png"
        //             },
        //             {
        //                 "Frame": 2,
        //                 "AnimPath": "Actions/Run/Run_3.png"
        //             },
        //             {
        //                 "Frame": 2,
        //                 "AnimPath": "Actions/Run/Run_4.png"
        //             },
        //             {
        //                 "Frame": 2,
        //                 "AnimPath": "Actions/Run/Run_5.png"
        //             },
        //             {
        //                 "Frame": 2,
        //                 "AnimPath": "Actions/Run/Run_6.png"
        //             },
        //             {
        //                 "Frame": 2,
        //                 "AnimPath": "Actions/Run/Run_7.png"
        //             }
        //         ]
        //     }
        // },
        // "LSA1": {
        //     "FPS": 120,
        //     "Tracks": {
        //         "Anim": [
        //             {
        //                 "Frame": 1,
        //                 "AnimPath": "Actions/LSA/LSA1/LSA1_0.png"
        //             },
        //             {
        //                 "Frame": 1,
        //                 "AnimPath": "Actions/LSA/LSA1/LSA1_1.png"
        //             },
        //             {
        //                 "Frame": 1,
        //                 "AnimPath": "Actions/Actions/LSA/LSA1/LSA1_2.png"
        //             },
        //             {
        //                 "Frame": 4,
        //                 "AnimPath": "Actions/LSA/LSA1/LSA1_3.png"
        //             }
        //         ],
        //         "Move": [
        //             {
        //                 "Frame": 1
        //             },
        //             {
        //                 "Frame": 1,
        //                 "BaseMove": {
        //                     "X": 3
        //                 },
        //                 "AddSpeed": {
        //                     "X": -0.5,
        //                     "XRange": "0~"
        //                 }
        //             }
        //         ],
        //         "Nexus": [
        //             {
        //                 "Frame": 4
        //             },
        //             {
        //                 "Frame": 3,
        //                 "Content": [
        //                     {
        //                         "Condition": "LA",
        //                         "Target": "LSA2"
        //                     },
        //                     {
        //                         "Condition": "D,F,LA",
        //                         "Target": "CutDimension"
        //                     }
        //                 ]
        //             }
        //         ]
        //     }
        // },
        // "LSA2": {
        //     "FPS": 60,
        //     "Tracks": {
        //         "Anim": [
        //             {
        //                 "Frame": 1,
        //                 "AnimPath": "Actions/LSA/LSA2/LSA2_2.png"
        //             },
        //             {
        //                 "Frame": 3,
        //                 "AnimPath": "Actions/LSA/LSA2/LSA2_3.png"
        //             }
        //         ],
        //         "Move": [
        //             {
        //                 "Frame": 2,
        //                 "BaseMove": {
        //                     "X": -2
        //                 }
        //             }
        //         ],
        //         "Nexus": [
        //             {
        //                 "Frame": 3
        //             },
        //             {
        //                 "Frame": 3,
        //                 "Content": [
        //                     {
        //                         "Condition": "LA",
        //                         "Target": "LSA3"
        //                     }
        //                 ]
        //             }
        //         ]
        //     }
        // },
        // "LSA3": {
        //     "FPS": 120,
        //     "Tracks": {
        //         "Anim": [
        //             {
        //                 "Frame": 1,
        //                 "AnimPath": "Actions/LSA/LSA3/LSA3_0.png"
        //             },
        //             {
        //                 "Frame": 1,
        //                 "AnimPath": "Actions/LSA/LSA3/LSA3_1.png"
        //             },
        //             {
        //                 "Frame": 1,
        //                 "AnimPath": "Actions/LSA/LSA3/LSA3_2.png"
        //             },
        //             {
        //                 "Frame": 3,
        //                 "AnimPath": "Actions/LSA/LSA3/LSA3_3.png"
        //             },
        //             {
        //                 "Frame": 1,
        //                 "AnimPath": "Actions/LSA/LSA3/LSA3_4.png"
        //             },
        //             {
        //                 "Frame": 1,
        //                 "AnimPath": "Actions/LSA/LSA3/LSA3_5.png"
        //             },
        //             {
        //                 "Frame": 1,
        //                 "AnimPath": "Actions/LSA/LSA3/LSA3_6.png"
        //             },
        //             {
        //                 "Frame": 1,
        //                 "AnimPath": "Actions/LSA/LSA3/LSA3_7.png"
        //             }
        //         ],
        //         "Move": [
        //             {
        //                 "Frame": 2
        //             },
        //             {
        //                 "Frame": 2,
        //                 "BaseMove": {
        //                     "X": 2
        //                 }
        //             }
        //         ]
        //     }
        // }
    }
}