{
    "FighterInfo": {//人物信息
        "Class": "BoundlessNameless.BoundlessNameless",//人物程序集文件，可以为空，第一个点是文件名，第二个是类名，用于制作复杂人物，可以为空
        "Name": "BoundlessNameless",//人物名称
        "BaseMoveSpeed": 400,//基础人物移速(施工中)
        "BaseJumpForce": 1000,//基础人物跳跃力(施工中)
        "Weight": 58//人物体重(施工中)
    },
    "Montages": {//人物动画信息
        "Idle_L": {//站立
            "FPS": 60,//帧率
            "Loop": true,//是否循环，如果动画设置了循环，那么此动画结束后默认会跳转到动画一开始的位置
            "Tracks": {//轨道
                "Anim": [//动画轨道
                    [
                        {
                            "Frame": 1,//持续帧数
                            "Path": "Actions/Idle/LongSwordIdle/LongSwordIdle1.png"//图片的路径
                        },
                        {
                            "Frame": 1,
                            "Path": "Actions/Idle/LongSwordIdle/LongSwordIdle2.png"
                        },
                        {
                            "Frame": 1,
                            "Path": "Actions/Idle/LongSwordIdle/LongSwordIdle3.png"
                        },
                        {
                            "Frame": 1,
                            "Path": "Actions/Idle/LongSwordIdle/LongSwordIdle4.png"
                        }
                    ]
                ],
                "Nexus": [//纽带轨道，用于控制动画的跳转，可以实现技能的派生
                    {
                        "Content": [//纽带内容,如果不写持续帧数那么默认的持续帧数为动画的总长度
                            {
                                "Condition": "InputCtrl.PressedKeys[A]",//跳转条件:人物的输入控制器中按键按压表中A键按下的值
                                "Target": {//跳转目标
                                    "MontageName": "LSA1"//目标动画名称为LSA1（长刀普攻1）
                                }
                            },
                            {
                                //左右其中有一个键按下并且两个键不是同时按的情况下跳转到跑步动作
                                "Condition": "(InputCtrl.PressedKeys[4] || InputCtrl.PressedKeys[6]) && !(InputCtrl.PressedKeys[4] && InputCtrl.PressedKeys[6])",
                                "Target": {
                                    "MontageName": "Run"
                                }
                            },
                            {
                                //按下跳按键的时候可以跳转到 跳的前摇动作
                                "Condition": "InputCtrl.PressedKeys[J]",
                                "Target": {
                                    "MontageName": "JumpBefore"
                                }
                            }
                        ]
                    }
                ],
                "Fighter": [//人物轨道，这边是一个复合型轨道，也就是说轨道里面可以塞特殊的轨道
                    {
                        "Direction": {//方向
                            "AllowCtrl": true//是允许控制
                        }
                    }
                ]
            }
        },
        "JumpBefore": {
            "FPS": 60,
            "Tracks": {
                "Anim": [
                    [
                        {
                            "Frame": 2,
                            "Path": "Actions/Jump/JumpBefore.png"
                        }
                    ]
                ],
                "Nexus": [
                    //这一段表示从开始持续1帧什么都不干，到了第二帧才会触发动画跳转
                    {
                        "Frame": 1
                    },
                    {
                        "Frame": 1,
                        "Content": [
                            {
                                //如果不写条件的话则直接跳转
                                "Target": {
                                    "MontageName": "JumpRaise"
                                }
                            }
                        ]
                    }
                ],
                //移动轨道，也是复合型轨道
                "Move": [
                    {
                        "Frame": "1"
                    },
                    {
                        "Frame": "1",
                        //这边是直接执行跳跃动作，跳跃的倍率为1
                        "Jump": {
                            "Rate":1
                        }
                    }
                ]
            }
        },
        "JumpRaise": {
            "FPS": 60,
            "Tracks": {
                "Anim": [
                    [
                        {
                            "Frame": 2,
                            "Path": "Actions/Jump/JumpRaise.png"
                        }
                    ]
                ],
                "Nexus": [
                    {
                        "Frame":1
                    },
                    {
                        "Frame":1,
                        "Content": [
                            {
                                "Target": {
                                    "MontageName": "JumpRaiseLoop",
                                    //如果有这一段，表示跳转到目标动画之后会保留当前速度
                                    "IsTransmitSpeed":{
                                        //保留的倍率
                                        "Rate":"1"
                                    }
                                }
                            }
                        ]
                    }
                ],
                "Move": [
                    {
                        "WalkCtrl": {//允许移动控制
                            "Rate": 1//倍率
                        }
                    }
                ]
            }
        },
        "JumpRaiseLoop": {
            "FPS": 60,
            "Loop": true,
            "Tracks": {
                "Anim": [
                    [
                        {
                            "Frame": 2,
                            "Path": "Actions/Jump/JumpRaise.png"
                        }
                    ]
                ],
                "Nexus": [
                    {
                        "Content": [
                            {
                                "Condition": "BoxCollider.IsOnGround",//条件为盒体碰撞盒组件中是否在地上的变量的值，也就是说如果在地上则直接跳转
                                "Target": {
                                    "MontageName": "Land",
                                    "IsTransmitSpeed":{
                                        //保留倍率可以填写别的值以做到更丝滑的过渡效果
                                        "Rate":"0.75"
                                    }
                                }
                            }
                        ]
                    }
                ],
                "Move": [
                    {
                        "WalkCtrl": {
                            "Rate": 1
                        }
                    }
                ]
            }
        },
        "Land": {
            "FPS": 60,
            "Tracks": {
                "Anim": [
                    [
                        {
                            "Frame": 2,
                            "Path": "Actions/Jump/Land.png"
                        }
                    ]
                ],
                "Nexus": [
                    {
                        "Frame":"1"
                    },
                    {
                        "Frame":"1",
                        "Content": [
                            {
                                //落地后摇可以衔接跑步动作
                                "Condition":"(InputCtrl.PressedKeys[4] || InputCtrl.PressedKeys[6]) && !(InputCtrl.PressedKeys[4] && InputCtrl.PressedKeys[6])",
                                "Target": {
                                    "MontageName": "Run",
                                    "IsTransmitSpeed":{
                                        "Rate":"1"
                                    }
                                }
                            }
                        ]
                    }
                ]
            }
        },
        "Run": {
            "FPS": 60,
            "Loop": true,
            "Tracks": {
                "Anim": [
                    [
                        {
                            "Frame": 1,
                            "Path": "Actions/Run/Run_0.png"
                        },
                        {
                            "Frame": 1,
                            "Path": "Actions/Run/Run_1.png"
                        },
                        {
                            "Frame": 1,
                            "Path": "Actions/Run/Run_2.png"
                        },
                        {
                            "Frame": 1,
                            "Path": "Actions/Run/Run_3.png"
                        },
                        {
                            "Frame": 1,
                            "Path": "Actions/Run/Run_4.png"
                        },
                        {
                            "Frame": 1,
                            "Path": "Actions/Run/Run_5.png"
                        },
                        {
                            "Frame": 1,
                            "Path": "Actions/Run/Run_6.png"
                        },
                        {
                            "Frame": 1,
                            "Path": "Actions/Run/Run_7.png"
                        }
                    ]
                ],
                "Nexus": [
                    {
                        "Content": [
                            {
                                "Condition": "(!InputCtrl.PressedKeys[4] && !InputCtrl.PressedKeys[6]) || (InputCtrl.PressedKeys[4] && InputCtrl.PressedKeys[6])",
                                "Target": {
                                    "MontageName": "Idle_L"
                                }
                            },
                            {
                                //跑步的时候进行普攻，那么第一段普攻可以保留当前速度的25%，更加丝滑！
                                "Condition": "InputCtrl.PressedKeys[A]",
                                "Target": {
                                    "MontageName": "LSA1",
                                    "IsTransmitSpeed":{
                                        "Rate":"0.25"
                                    }
                                }
                            },
                            {
                                "Condition": "InputCtrl.PressedKeys[J]",
                                "Target": {
                                    "MontageName": "JumpBefore",
                                    "IsTransmitSpeed":{
                                        "Rate":"0.5"
                                    }
                                }
                            }
                        ]
                    }
                ],
                "Move": [
                    {
                        "WalkCtrl": {
                            "Rate": 1
                        }
                    }
                ],
                "Fighter": [
                    {
                        "Direction": {
                            "AllowCtrl":true
                        }
                    }
                ]
            }
        },
        "LSA1": {
            "FPS": 60,
            "Tracks": {
                "Anim": [
                    [
                        {
                            "Frame": 1,
                            "Path": "Actions/LSA/LSA1/LSA1_0.png"
                        },
                        {
                            "Frame": 1,
                            "Path": "Actions/LSA/LSA1/LSA1_1.png"
                        },
                        {
                            "Frame": 1,
                            "Path": "Actions/LSA/LSA1/LSA1_2.png"
                        },
                        {
                            "Frame": 4,
                            "Path": "Actions/LSA/LSA1/LSA1_3.png"
                        }
                    ]
                ],
                "Move": [
                    {
                        "Frame": 1
                    },
                    {
                        "Frame": 1,
                        "BaseMove": {//施工中
                            "X": 3
                        },
                        "AddSpeed": {//施工中
                            "X": -0.5,
                            "XRange": "0~"
                        }
                    }
                ],
                "Nexus": [
                    {
                        "Frame": 5
                    },
                    {
                        "Frame": 2,
                        "Content": [
                            {
                                "Condition": "InputCtrl.PressedKeys[A]",
                                "Target": {
                                    "MontageName": "LSA2"
                                }
                            }
                        ]
                    }
                ]
            }
        },
        "LSA2": {
            "FPS": 60,
            "Tracks": {
                "Anim": [
                    [
                        {
                            "Frame": 2,
                            "Path": "Actions/LSA/LSA2/LSA2_2.png"
                        },
                        {
                            "Frame": 4,
                            "Path": "Actions/LSA/LSA2/LSA2_3.png"
                        }
                    ]
                ],
                "Move": [
                    {
                        "Frame": 2,
                        "BaseMove": {
                            "X": -2
                        }
                    }
                ],
                "Nexus": [
                    {
                        "Frame": 5
                    },
                    {
                        "Frame": 1,
                        "Content": [
                            {
                                "Condition": "InputCtrl.PressedKeys[A]",
                                "Target": {
                                    "MontageName": "LSA3"
                                }
                            }
                        ]
                    }
                ]
            }
        },
        "LSA3": {//如果动画结束默认是跳转到此文件的第一个动画，也就是说，站立动画一般写在最前面
            "FPS": 60,
            "Tracks": {
                "Anim": [
                    [
                        {
                            "Frame": 1,
                            "Path": "Actions/LSA/LSA3/LSA3_0.png"
                        },
                        {
                            "Frame": 1,
                            "Path": "Actions/LSA/LSA3/LSA3_1.png"
                        },
                        {
                            "Frame": 1,
                            "Path": "Actions/LSA/LSA3/LSA3_2.png"
                        },
                        {
                            "Frame": 3,
                            "Path": "Actions/LSA/LSA3/LSA3_3.png"
                        },
                        {
                            "Frame": 1,
                            "Path": "Actions/LSA/LSA3/LSA3_4.png"
                        },
                        {
                            "Frame": 1,
                            "Path": "Actions/LSA/LSA3/LSA3_5.png"
                        },
                        {
                            "Frame": 1,
                            "Path": "Actions/LSA/LSA3/LSA3_6.png"
                        },
                        {
                            "Frame": 1,
                            "Path": "Actions/LSA/LSA3/LSA3_7.png"
                        }
                    ]
                ]
            }
        }
    }
}