{
  "ModInfo": {
    "ModMainDll": "GeminiSword.dll", //模组Dll
    "ModName": "BrainUserManual", //模组名
    "IconPath": "icon.png", //图标路径
    "Version": "0.0.1", //版本
    "Author": "三千无名", //作者
    "ModHomePage": "https://space.bilibili.com/330445050?spm_id_from=333.788.0.0", //模组主页
    "Dependent": [] //依赖
  },
  "EditorSettings": {
    "FightersDirectory": "Fighters", //人物文件夹路径
    "FighterConfig": "FighterConfig.json", //人物配置文件
    "MontageConfig": "Montages.json", //蒙太奇配置文件
    "JsonFPSName": "FPS", //Json里的帧率名称
    "ClipSettings": { //轨道名对应的类
      "Anim": "FAE.AnimClip"
    }
  }
}